Nombre,SKU,Autor,Año,Categoría,Disponibles
Mention pull.,8293270033140,Jacob Gonzalez,1971,Ciencia,0
Consider response avoid.,5752809943358,Anthony Hansen,1984,Fantasía,2
Fine material difference.,2300786323453,Shari Preston,1968,Fantasía,10
Suffer any few.,8285069680826,Marissa Griffin,2018,Biografía,4
Hold best.,1486115921154,Kyle Copeland,2011,Biografía,10
Professional discover and certainly whose.,1432889806876,Ernest Moses,1977,Ciencia,2
Nor computer represent give between.,5449654938980,Keith Ramirez,1951,Ciencia,5
Commercial rich position every open.,8418979113768,Patrick Campbell,2018,Ficción,0
Tough itself skin.,3322898423035,Paul Ward,1955,Ciencia,2
Realize music various table attack.,9683545005481,Michael Alexander,2015,No Ficción,1
Painting page.,0284881909526,Joshua Wilkerson,2017,Biografía,7
Indeed thing to.,1056983696500,Kimberly Curtis,1958,Ciencia,4
With daughter.,3903981756010,Erin Moore,2004,Ciencia,10
Decade bring throw people well.,8721537718634,Brian Marks,1996,No Ficción,4
Heavy I reveal.,5573738613040,Rebecca Finley,2011,Historia,9
Indeed identify threat cost.,3548996776990,Lisa Glenn,1983,Fantasía,10
Rise figure perform.,9301675070888,Chad Nichols,2013,Ficción,1
Though executive open.,6472421692494,Tim Martinez,1974,Fantasía,1
Head radio.,4069564398837,Daniel Mclean,1999,Biografía,7
You almost wall mother.,0657096021084,Lindsey Tate,1976,Historia,8
Kitchen house.,3496817066808,Juan Mitchell,1988,No Ficción,1
Speak much she.,5457172879111,Tina Cervantes,1967,No Ficción,7
Class begin.,6980962284745,Brent Moore,1957,Ciencia,9
Prepare strategy certainly.,2105333237807,Christina Avery,1985,Ciencia,0
Beat hold picture.,0174297335876,Julia Perez,1976,No Ficción,10
Own effect.,1430033839428,Kimberly Fisher,1973,Ficción,8
Economic land.,3875452384476,Michael Moon,1952,No Ficción,10
Give book card.,3011542013196,Julia Kim,2017,Historia,0
Generation available down.,6386339090528,Emily Scott,1956,Ficción,9
Commercial Democrat stand doctor senior.,8771182965365,Mr. Francisco Mitchell,2019,Biografía,5
Official hospital experience without magazine.,1523693760611,Scott Arnold,1992,Fantasía,4
Some hand cultural.,0592713664803,Michael Gaines,1960,Ficción,8
Home with child sound quality.,0829445622734,Denise Castro,1997,Ciencia,2
Who government camera.,2424390870735,Ronald Smith,1972,Fantasía,4
Past fall organization a agree.,4887170758315,Dr. Anthony Tran,1957,Fantasía,2
Father stand.,9825689167650,Frederick Williams Jr.,1953,Ficción,6
Will visit local increase.,7664671525083,Michael Spencer,1950,Historia,2
Company note about sport.,0844337819092,Edgar Ingram,1995,Fantasía,7
Difference during.,4633586648135,Jennifer Davis,1969,Ciencia,1
Mrs popular edge number apply.,2910316347202,Christina Ramos,2013,Ciencia,7
Pull region respond garden speak.,8489713812179,Anthony Frazier,2004,Historia,7
Least radio wrong artist kid.,4306061028387,Erik Howard,1970,Fantasía,6
These raise forget.,5275747242630,Vincent Coleman,1968,No Ficción,10
Play often cost.,1056202206800,Jose Mcdonald,1956,Historia,0
Fly vote must PM difficult.,2633047460469,Stacy Day,2001,Historia,1
Not not behavior.,0663404728163,Jamie Mayer,2004,No Ficción,9
Line foot power.,3001220613374,Jenna Collier,1998,Ficción,5
Could drop.,7501749516508,Jonathan Brown,1985,Fantasía,4
Analysis general.,8774859575652,Erika Carlson,1965,Ficción,9
East understand television pass.,0057530819695,Heather Valentine,2018,Ficción,9
Suddenly me notice left.,0288164711004,Andre Payne,1987,Historia,1
Medical old physical throughout.,0165111360617,Amber Mclean,2003,Fantasía,1
We spend many month local.,9080149351318,Brandon Soto,1963,No Ficción,5
Involve cut season.,1993872779626,Ernest Herrera,1988,Biografía,5
Power start.,4268411165534,William Hawkins,1952,Historia,4
Wear system their just.,3157748397071,Joshua Mitchell,1993,Ciencia,2
Improve nature discussion notice continue.,7551504571259,Brenda Stout,1964,Fantasía,7
Church Democrat thought long.,6818704989002,Tyler Martin MD,1971,Fantasía,10
Eye establish property in.,0137165554021,Miss Monica Campbell,2004,Ciencia,9
Employee top.,5800677229415,Tara Blair,1963,Historia,5
Many fund side someone father.,1062131023876,Nathan Perkins,1956,No Ficción,2
Scientist kind land.,0621883527974,Mitchell Lopez,2004,Historia,8
Face material.,5269070698141,Allen Tran,1991,Ciencia,0
Better purpose network.,0172519191484,Sheila Robertson,1998,Ciencia,2
Itself look energy occur.,9214851642796,Mary Barber,2017,Biografía,4
Green ask home go.,6672704227614,Rebecca Miller,1975,Biografía,1
Operation TV now arrive.,2666784297654,Cynthia Bailey,1955,Ficción,0
Color year product project.,2191749134984,Shannon Morgan,1960,Ciencia,0
Often song part effort.,1135307179391,David Hurst,2008,Historia,0
Nearly identify citizen couple.,3963725143780,Lisa Adams,2016,Historia,9
Describe suddenly game.,1545778485196,Anthony Bartlett,1950,Biografía,6
Impact turn discuss own.,2202693929615,Timothy Copeland,2007,Historia,1
Impact view over hear.,5638331728932,Brittney Patel,2019,Ficción,5
Around land rule whole.,3436333713039,Christine Martin,1989,Fantasía,2
Charge nothing fish.,0343672597509,Chelsea Rodriguez,1982,Historia,1
Environmental song vote.,3846351706522,Lisa Hurley,1969,No Ficción,0
Concern friend current.,0517920754697,Stephen Smith,1980,Fantasía,4
Director explain just long amount.,5715210512209,Kayla Jones,1985,Biografía,8
Term skill one.,9020296496807,Bruce Myers,1955,Fantasía,4
Health stand Mrs.,7569494081498,David Mcintosh,1960,Fantasía,5
Anyone eat out century.,9778460439623,Chad Russell,2011,Biografía,1
Dinner early civil material.,3198405237989,Jennifer Smith,1987,Fantasía,7
Thus today.,4097759055258,Chelsea Gibson,1995,Biografía,6
Box contain maybe cover tough.,6826802412612,Michael Bell,1981,No Ficción,6
Response action air similar program.,7396629018834,Kevin Rodriguez,1968,No Ficción,8
Report one item.,1044425094595,Ryan Dean,1988,Ciencia,9
Goal develop.,1318926733735,Sandra Luna,1951,Historia,4
Program news.,7814231267889,Margaret Maldonado,1959,Biografía,2
Color again scene analysis.,4348241031077,Ryan Curtis,1971,Fantasía,8
Space nature whole.,5780314144786,Jose Moore,1952,Ciencia,8
Believe send floor.,9456447748264,Daniel Beck,2009,Ciencia,8
Design spend rule.,1950758864449,Ryan Fields,1999,Historia,8
Strong a season go.,6038262298433,Cassie Barton,2012,Fantasía,1
Instead challenge discover cold.,5378521252198,Jessica Cooper,1964,No Ficción,6
Figure share.,5334597872371,Miranda Rice,1986,No Ficción,4
Reflect she evidence glass.,2135690223618,Melissa Davis,1967,No Ficción,0
Other fact.,8446813002169,Kathy Watson,1954,Biografía,7
Responsibility final become trial.,6872908425988,Kathleen Ross,1961,Biografía,2
Budget report month.,2421069914813,Mark Rodgers,1952,No Ficción,7
Bag look key significant.,3104807452714,Anthony Cruz,1976,Ficción,10